p_country_name,p_country_name_en,p_country_code,url,cms_link
北海道,hokkaido,01,https://www.hankyu-travel.com/freeplan-d/facility/01/,http://cms.hankyu-travel.com/cgi-bin/mta/mt.cgi?__mode=view&_type=entry&id=105018&blog_id=74
青森県,aomori,02,https://www.hankyu-travel.com/freeplan-d/facility/02/,http://cms.hankyu-travel.com/cgi-bin/mta/mt.cgi?__mode=view&_type=entry&id=105018&blog_id=74
岩手県,iwate,03,https://www.hankyu-travel.com/freeplan-d/facility/03/,http://cms.hankyu-travel.com/cgi-bin/mta/mt.cgi?__mode=view&_type=entry&id=105018&blog_id=74
宮城県,miyagi,04,https://www.hankyu-travel.com/freeplan-d/facility/04/,http://cms.hankyu-travel.com/cgi-bin/mta/mt.cgi?__mode=view&_type=entry&id=105018&blog_id=74
秋田県,akita,05,https://www.hankyu-travel.com/freeplan-d/facility/05/,http://cms.hankyu-travel.com/cgi-bin/mta/mt.cgi?__mode=view&_type=entry&id=105018&blog_id=74
山形県,yamagata,06,https://www.hankyu-travel.com/freeplan-d/facility/06/,http://cms.hankyu-travel.com/cgi-bin/mta/mt.cgi?__mode=view&_type=entry&id=105018&blog_id=74
福島県,fukushima,07,https://www.hankyu-travel.com/freeplan-d/facility/07/,http://cms.hankyu-travel.com/cgi-bin/mta/mt.cgi?__mode=view&_type=entry&id=105018&blog_id=74
茨城県,ibaraki,08,https://www.hankyu-travel.com/freeplan-d/facility/08/,http://cms.hankyu-travel.com/cgi-bin/mta/mt.cgi?__mode=view&_type=entry&id=105018&blog_id=74
栃木県,tochigi,09,https://www.hankyu-travel.com/freeplan-d/facility/09/,http://cms.hankyu-travel.com/cgi-bin/mta/mt.cgi?__mode=view&_type=entry&id=105018&blog_id=74
群馬県,gunma,10,https://www.hankyu-travel.com/freeplan-d/facility/10/,http://cms.hankyu-travel.com/cgi-bin/mta/mt.cgi?__mode=view&_type=entry&id=105018&blog_id=74
埼玉県,saitama,11,https://www.hankyu-travel.com/freeplan-d/facility/11/,http://cms.hankyu-travel.com/cgi-bin/mta/mt.cgi?__mode=view&_type=entry&id=105018&blog_id=74
千葉県,chiba,12,https://www.hankyu-travel.com/freeplan-d/facility/12/,http://cms.hankyu-travel.com/cgi-bin/mta/mt.cgi?__mode=view&_type=entry&id=105018&blog_id=74
東京都,tokyo,13,https://www.hankyu-travel.com/freeplan-d/facility/13/,http://cms.hankyu-travel.com/cgi-bin/mta/mt.cgi?__mode=view&_type=entry&id=105018&blog_id=74
神奈川県,kanagawa,14,https://www.hankyu-travel.com/freeplan-d/facility/14/,http://cms.hankyu-travel.com/cgi-bin/mta/mt.cgi?__mode=view&_type=entry&id=105018&blog_id=74
新潟県,niigata,15,https://www.hankyu-travel.com/freeplan-d/facility/15/,http://cms.hankyu-travel.com/cgi-bin/mta/mt.cgi?__mode=view&_type=entry&id=105018&blog_id=74
富山県,toyama,16,https://www.hankyu-travel.com/freeplan-d/facility/16/,http://cms.hankyu-travel.com/cgi-bin/mta/mt.cgi?__mode=view&_type=entry&id=105018&blog_id=74
石川県,ishikawa,17,https://www.hankyu-travel.com/freeplan-d/facility/17/,http://cms.hankyu-travel.com/cgi-bin/mta/mt.cgi?__mode=view&_type=entry&id=105018&blog_id=74
福井県,fukui,18,https://www.hankyu-travel.com/freeplan-d/facility/18/,http://cms.hankyu-travel.com/cgi-bin/mta/mt.cgi?__mode=view&_type=entry&id=105018&blog_id=74
山梨県,yamanashi,19,https://www.hankyu-travel.com/freeplan-d/facility/19/,http://cms.hankyu-travel.com/cgi-bin/mta/mt.cgi?__mode=view&_type=entry&id=105018&blog_id=74
長野県,nagano,20,https://www.hankyu-travel.com/freeplan-d/facility/20/,http://cms.hankyu-travel.com/cgi-bin/mta/mt.cgi?__mode=view&_type=entry&id=105018&blog_id=74
岐阜県,gifu,21,https://www.hankyu-travel.com/freeplan-d/facility/21/,http://cms.hankyu-travel.com/cgi-bin/mta/mt.cgi?__mode=view&_type=entry&id=105018&blog_id=74
静岡県,shizuoka,22,https://www.hankyu-travel.com/freeplan-d/facility/22/,http://cms.hankyu-travel.com/cgi-bin/mta/mt.cgi?__mode=view&_type=entry&id=105018&blog_id=74
愛知県,aichi,23,https://www.hankyu-travel.com/freeplan-d/facility/23/,http://cms.hankyu-travel.com/cgi-bin/mta/mt.cgi?__mode=view&_type=entry&id=105018&blog_id=74
三重県,mie,24,https://www.hankyu-travel.com/freeplan-d/facility/24/,http://cms.hankyu-travel.com/cgi-bin/mta/mt.cgi?__mode=view&_type=entry&id=105018&blog_id=74
滋賀県,shiga,25,https://www.hankyu-travel.com/freeplan-d/facility/25/,http://cms.hankyu-travel.com/cgi-bin/mta/mt.cgi?__mode=view&_type=entry&id=105018&blog_id=74
京都府,kyoto,26,https://www.hankyu-travel.com/freeplan-d/facility/26/,http://cms.hankyu-travel.com/cgi-bin/mta/mt.cgi?__mode=view&_type=entry&id=105018&blog_id=74
大阪府,osaka,27,https://www.hankyu-travel.com/freeplan-d/facility/27/,http://cms.hankyu-travel.com/cgi-bin/mta/mt.cgi?__mode=view&_type=entry&id=105018&blog_id=74
兵庫県,hyogo,28,https://www.hankyu-travel.com/freeplan-d/facility/28/,http://cms.hankyu-travel.com/cgi-bin/mta/mt.cgi?__mode=view&_type=entry&id=105018&blog_id=74
奈良県,nara,29,https://www.hankyu-travel.com/freeplan-d/facility/29/,http://cms.hankyu-travel.com/cgi-bin/mta/mt.cgi?__mode=view&_type=entry&id=105018&blog_id=74
和歌山県,wakayama,30,https://www.hankyu-travel.com/freeplan-d/facility/30/,http://cms.hankyu-travel.com/cgi-bin/mta/mt.cgi?__mode=view&_type=entry&id=105018&blog_id=74
鳥取県,tottori,31,https://www.hankyu-travel.com/freeplan-d/facility/31/,http://cms.hankyu-travel.com/cgi-bin/mta/mt.cgi?__mode=view&_type=entry&id=105018&blog_id=74
島根県,shimane,32,https://www.hankyu-travel.com/freeplan-d/facility/32/,http://cms.hankyu-travel.com/cgi-bin/mta/mt.cgi?__mode=view&_type=entry&id=105018&blog_id=74
岡山県,okayama,33,https://www.hankyu-travel.com/freeplan-d/facility/33/,http://cms.hankyu-travel.com/cgi-bin/mta/mt.cgi?__mode=view&_type=entry&id=105018&blog_id=74
広島県,hiroshima,34,https://www.hankyu-travel.com/freeplan-d/facility/34/,http://cms.hankyu-travel.com/cgi-bin/mta/mt.cgi?__mode=view&_type=entry&id=105018&blog_id=74
山口県,yamaguchi,35,https://www.hankyu-travel.com/freeplan-d/facility/35/,http://cms.hankyu-travel.com/cgi-bin/mta/mt.cgi?__mode=view&_type=entry&id=105018&blog_id=74
徳島県,tokushima,36,https://www.hankyu-travel.com/freeplan-d/facility/36/,http://cms.hankyu-travel.com/cgi-bin/mta/mt.cgi?__mode=view&_type=entry&id=105018&blog_id=74
香川県,kagawa,37,https://www.hankyu-travel.com/freeplan-d/facility/37/,http://cms.hankyu-travel.com/cgi-bin/mta/mt.cgi?__mode=view&_type=entry&id=105018&blog_id=74
愛媛県,ehime,38,https://www.hankyu-travel.com/freeplan-d/facility/38/,http://cms.hankyu-travel.com/cgi-bin/mta/mt.cgi?__mode=view&_type=entry&id=105018&blog_id=74
高知県,kochi,39,https://www.hankyu-travel.com/freeplan-d/facility/39/,http://cms.hankyu-travel.com/cgi-bin/mta/mt.cgi?__mode=view&_type=entry&id=105018&blog_id=74
福岡県,fukuoka,40,https://www.hankyu-travel.com/freeplan-d/facility/40/,http://cms.hankyu-travel.com/cgi-bin/mta/mt.cgi?__mode=view&_type=entry&id=105018&blog_id=74
佐賀県,saga,41,https://www.hankyu-travel.com/freeplan-d/facility/41/,http://cms.hankyu-travel.com/cgi-bin/mta/mt.cgi?__mode=view&_type=entry&id=105018&blog_id=74
長崎県,nagasaki,42,https://www.hankyu-travel.com/freeplan-d/facility/42/,http://cms.hankyu-travel.com/cgi-bin/mta/mt.cgi?__mode=view&_type=entry&id=105018&blog_id=74
熊本県,kumamoto,43,https://www.hankyu-travel.com/freeplan-d/facility/43/,http://cms.hankyu-travel.com/cgi-bin/mta/mt.cgi?__mode=view&_type=entry&id=105018&blog_id=74
大分県,oita,44,https://www.hankyu-travel.com/freeplan-d/facility/44/,http://cms.hankyu-travel.com/cgi-bin/mta/mt.cgi?__mode=view&_type=entry&id=105018&blog_id=74
宮崎県,miyazaki,45,https://www.hankyu-travel.com/freeplan-d/facility/45/,http://cms.hankyu-travel.com/cgi-bin/mta/mt.cgi?__mode=view&_type=entry&id=105018&blog_id=74
鹿児島県,kagoshima,46,https://www.hankyu-travel.com/freeplan-d/facility/46/,http://cms.hankyu-travel.com/cgi-bin/mta/mt.cgi?__mode=view&_type=entry&id=105018&blog_id=74
沖縄県,okinawa,47,https://www.hankyu-travel.com/freeplan-d/facility/47/,http://cms.hankyu-travel.com/cgi-bin/mta/mt.cgi?__mode=view&_type=entry&id=105018&blog_id=74
